Cell_Index,Sample_Tag,Sample_Name
752503,SampleTag09_hs,BP01
187120,SampleTag09_hs,BP01
352573,SampleTag10_hs,BP02
35153,SampleTag10_hs,BP02
810616,SampleTag10_hs,BP02
647415,SampleTag09_hs,BP01
842098,SampleTag11_hs,BP03
630936,SampleTag09_hs,BP01
561650,SampleTag09_hs,BP01
584298,SampleTag11_hs,BP03
323611,SampleTag09_hs,BP01
133143,SampleTag11_hs,BP03
35498,SampleTag11_hs,BP03
352162,SampleTag09_hs,BP01
884119,SampleTag09_hs,BP01
384374,SampleTag11_hs,BP03
302907,SampleTag09_hs,BP01
101103,SampleTag10_hs,BP02
396137,SampleTag10_hs,BP02
194101,SampleTag09_hs,BP01
19786,SampleTag09_hs,BP01
628536,SampleTag09_hs,BP01
686228,SampleTag09_hs,BP01
87939,SampleTag09_hs,BP01
384244,SampleTag09_hs,BP01
571161,SampleTag09_hs,BP01
407661,SampleTag10_hs,BP02
529720,SampleTag09_hs,BP01
63596,SampleTag10_hs,BP02
218914,SampleTag10_hs,BP02
251576,SampleTag09_hs,BP01
697496,SampleTag09_hs,BP01
155047,SampleTag09_hs,BP01
498606,SampleTag10_hs,BP02
467673,SampleTag09_hs,BP01
59617,SampleTag09_hs,BP01
460335,SampleTag09_hs,BP01
236187,SampleTag09_hs,BP01
365096,SampleTag09_hs,BP01
84155,SampleTag09_hs,BP01
199467,SampleTag09_hs,BP01
594161,SampleTag10_hs,BP02
407522,SampleTag09_hs,BP01
492898,SampleTag09_hs,BP01
146303,SampleTag09_hs,BP01
826241,SampleTag10_hs,BP02
44439,SampleTag09_hs,BP01
456068,SampleTag10_hs,BP02
312526,SampleTag09_hs,BP01
152787,SampleTag09_hs,BP01
248653,SampleTag10_hs,BP02
870637,SampleTag09_hs,BP01
657316,SampleTag10_hs,BP02
708092,SampleTag09_hs,BP01
371358,SampleTag09_hs,BP01
465739,SampleTag09_hs,BP01
640931,SampleTag10_hs,BP02
390416,SampleTag11_hs,BP03
88024,SampleTag10_hs,BP02
503175,SampleTag11_hs,BP03
300616,SampleTag11_hs,BP03
538856,SampleTag09_hs,BP01
661022,SampleTag11_hs,BP03
411130,SampleTag09_hs,BP01
393250,SampleTag09_hs,BP01
654103,SampleTag11_hs,BP03
799650,SampleTag10_hs,BP02
654371,SampleTag09_hs,BP01
131608,SampleTag11_hs,BP03
548788,SampleTag09_hs,BP01
820016,SampleTag09_hs,BP01
249774,SampleTag09_hs,BP01
407860,SampleTag09_hs,BP01
484594,SampleTag11_hs,BP03
34514,SampleTag10_hs,BP02
636717,SampleTag09_hs,BP01
611863,SampleTag11_hs,BP03
508204,SampleTag11_hs,BP03
83192,SampleTag10_hs,BP02
391495,SampleTag09_hs,BP01
602588,SampleTag09_hs,BP01
2312,SampleTag10_hs,BP02
631396,Undetermined,Undetermined
332297,SampleTag09_hs,BP01
439203,SampleTag11_hs,BP03
425780,SampleTag10_hs,BP02
105502,SampleTag09_hs,BP01
155011,SampleTag11_hs,BP03
508217,SampleTag10_hs,BP02
863327,SampleTag09_hs,BP01
269316,SampleTag09_hs,BP01
448588,SampleTag09_hs,BP01
858244,SampleTag09_hs,BP01
151816,SampleTag09_hs,BP01
375417,SampleTag09_hs,BP01
605929,SampleTag09_hs,BP01
111654,SampleTag09_hs,BP01
471666,SampleTag11_hs,BP03
193941,SampleTag11_hs,BP03
807909,SampleTag10_hs,BP02
457128,SampleTag09_hs,BP01
509372,SampleTag10_hs,BP02
338125,SampleTag09_hs,BP01
491657,SampleTag10_hs,BP02
37884,SampleTag10_hs,BP02
156613,SampleTag11_hs,BP03
795331,SampleTag09_hs,BP01
361096,SampleTag09_hs,BP01
500158,SampleTag09_hs,BP01
109010,SampleTag09_hs,BP01
363273,SampleTag09_hs,BP01
807139,SampleTag09_hs,BP01
752292,SampleTag11_hs,BP03
473887,SampleTag11_hs,BP03
790905,SampleTag09_hs,BP01
274537,SampleTag09_hs,BP01
30607,SampleTag09_hs,BP01
65332,SampleTag09_hs,BP01
479873,SampleTag10_hs,BP02
368393,SampleTag10_hs,BP02
724691,SampleTag10_hs,BP02
203376,SampleTag09_hs,BP01
511798,SampleTag10_hs,BP02
840227,SampleTag09_hs,BP01
530570,SampleTag10_hs,BP02
223072,SampleTag09_hs,BP01
590374,SampleTag09_hs,BP01
414726,SampleTag09_hs,BP01
223610,SampleTag09_hs,BP01
686407,SampleTag10_hs,BP02
753508,SampleTag11_hs,BP03
602089,SampleTag11_hs,BP03
9168,SampleTag10_hs,BP02
281028,SampleTag09_hs,BP01
176380,SampleTag09_hs,BP01
302770,SampleTag09_hs,BP01
263,SampleTag10_hs,BP02
195739,SampleTag09_hs,BP01
65589,SampleTag10_hs,BP02
102766,SampleTag11_hs,BP03
425060,SampleTag10_hs,BP02
775066,SampleTag10_hs,BP02
401334,SampleTag09_hs,BP01
92714,SampleTag09_hs,BP01
679868,SampleTag10_hs,BP02
838597,SampleTag09_hs,BP01
217252,Undetermined,Undetermined
300479,SampleTag11_hs,BP03
751239,SampleTag10_hs,BP02
436583,SampleTag09_hs,BP01
437160,Undetermined,Undetermined
712575,SampleTag09_hs,BP01
794824,SampleTag09_hs,BP01
356506,SampleTag10_hs,BP02
251526,SampleTag10_hs,BP02
642311,Undetermined,Undetermined
212930,SampleTag10_hs,BP02
197741,SampleTag10_hs,BP02
76067,SampleTag10_hs,BP02
219630,SampleTag09_hs,BP01
245296,SampleTag09_hs,BP01
375567,SampleTag10_hs,BP02
653093,SampleTag09_hs,BP01
447589,SampleTag11_hs,BP03
198744,SampleTag10_hs,BP02
631347,SampleTag11_hs,BP03
616069,SampleTag10_hs,BP02
256375,SampleTag10_hs,BP02
362071,SampleTag09_hs,BP01
203820,SampleTag10_hs,BP02
60266,SampleTag09_hs,BP01
210906,SampleTag09_hs,BP01
439143,SampleTag10_hs,BP02
8552,SampleTag09_hs,BP01
521085,SampleTag11_hs,BP03
137127,SampleTag10_hs,BP02
205025,SampleTag10_hs,BP02
224469,SampleTag10_hs,BP02
33837,SampleTag10_hs,BP02
575806,SampleTag11_hs,BP03
869480,SampleTag11_hs,BP03
190560,SampleTag09_hs,BP01
586880,SampleTag09_hs,BP01
596089,SampleTag10_hs,BP02
758046,SampleTag10_hs,BP02
621445,SampleTag09_hs,BP01
33410,SampleTag11_hs,BP03
235225,SampleTag09_hs,BP01
98644,SampleTag09_hs,BP01
148889,SampleTag10_hs,BP02
395160,Undetermined,Undetermined
132846,SampleTag09_hs,BP01
378980,SampleTag10_hs,BP02
231481,SampleTag10_hs,BP02
822837,Undetermined,Undetermined
306759,SampleTag09_hs,BP01
747299,SampleTag09_hs,BP01
217139,SampleTag10_hs,BP02
257094,SampleTag11_hs,BP03
463999,SampleTag09_hs,BP01
791913,SampleTag09_hs,BP01
49310,SampleTag10_hs,BP02
726806,SampleTag10_hs,BP02
747022,SampleTag10_hs,BP02
630155,SampleTag10_hs,BP02
506343,SampleTag10_hs,BP02
830029,SampleTag10_hs,BP02
158695,SampleTag10_hs,BP02
803121,SampleTag11_hs,BP03
542689,SampleTag10_hs,BP02
397337,SampleTag10_hs,BP02
105197,SampleTag11_hs,BP03
77965,SampleTag10_hs,BP02
236190,SampleTag10_hs,BP02
601624,SampleTag11_hs,BP03
776570,SampleTag09_hs,BP01
792941,SampleTag09_hs,BP01
159084,SampleTag11_hs,BP03
200862,SampleTag09_hs,BP01
664053,SampleTag10_hs,BP02
292421,SampleTag10_hs,BP02
492748,SampleTag09_hs,BP01
821693,SampleTag11_hs,BP03
163909,SampleTag09_hs,BP01
622199,SampleTag09_hs,BP01
437930,SampleTag09_hs,BP01
230770,SampleTag09_hs,BP01
533010,SampleTag10_hs,BP02
548665,SampleTag09_hs,BP01
121159,SampleTag10_hs,BP02
249288,SampleTag10_hs,BP02
378824,SampleTag09_hs,BP01
379255,SampleTag09_hs,BP01
563669,SampleTag09_hs,BP01
257491,SampleTag09_hs,BP01
219706,SampleTag09_hs,BP01
333349,SampleTag10_hs,BP02
254384,SampleTag10_hs,BP02
637397,SampleTag10_hs,BP02
830392,SampleTag10_hs,BP02
27593,SampleTag10_hs,BP02
82443,SampleTag11_hs,BP03
321493,SampleTag09_hs,BP01
692983,SampleTag11_hs,BP03
762288,SampleTag10_hs,BP02
633440,SampleTag10_hs,BP02
13168,SampleTag10_hs,BP02
496745,SampleTag09_hs,BP01
747024,SampleTag09_hs,BP01
202772,SampleTag10_hs,BP02
573503,SampleTag09_hs,BP01
404453,SampleTag11_hs,BP03
869139,SampleTag09_hs,BP01
480371,Undetermined,Undetermined
153678,SampleTag09_hs,BP01
459302,SampleTag11_hs,BP03
291967,SampleTag10_hs,BP02
466273,SampleTag11_hs,BP03
162185,SampleTag09_hs,BP01
350205,SampleTag11_hs,BP03
788351,SampleTag09_hs,BP01
442138,SampleTag11_hs,BP03
498239,SampleTag09_hs,BP01
96365,SampleTag10_hs,BP02
470348,SampleTag10_hs,BP02
571510,SampleTag09_hs,BP01
757172,SampleTag09_hs,BP01
450059,SampleTag11_hs,BP03
504508,SampleTag10_hs,BP02
120104,SampleTag11_hs,BP03
493728,SampleTag09_hs,BP01
254589,SampleTag09_hs,BP01
141689,SampleTag11_hs,BP03
875564,SampleTag09_hs,BP01
192426,SampleTag10_hs,BP02
485011,SampleTag10_hs,BP02
846136,SampleTag11_hs,BP03
750854,Undetermined,Undetermined
80528,SampleTag09_hs,BP01
451361,SampleTag10_hs,BP02
695549,SampleTag09_hs,BP01
546801,SampleTag09_hs,BP01
648944,Undetermined,Undetermined
286292,SampleTag09_hs,BP01
329432,SampleTag09_hs,BP01
378603,SampleTag11_hs,BP03
202393,SampleTag09_hs,BP01
266092,SampleTag10_hs,BP02
373372,SampleTag10_hs,BP02
173677,SampleTag11_hs,BP03
731104,SampleTag10_hs,BP02
801616,SampleTag11_hs,BP03
127034,SampleTag09_hs,BP01
456872,SampleTag10_hs,BP02
705173,SampleTag09_hs,BP01
796003,SampleTag10_hs,BP02
97633,SampleTag10_hs,BP02
337878,SampleTag11_hs,BP03
635949,SampleTag09_hs,BP01
626123,SampleTag11_hs,BP03
273456,SampleTag10_hs,BP02
739400,SampleTag10_hs,BP02
593247,SampleTag10_hs,BP02
663540,SampleTag10_hs,BP02
819171,SampleTag09_hs,BP01
632778,SampleTag09_hs,BP01
529249,SampleTag11_hs,BP03
432799,SampleTag09_hs,BP01
445457,SampleTag10_hs,BP02
6134,Undetermined,Undetermined
72040,SampleTag09_hs,BP01
744877,SampleTag09_hs,BP01
62634,SampleTag11_hs,BP03
194505,SampleTag10_hs,BP02
324544,SampleTag09_hs,BP01
458975,Undetermined,Undetermined
216496,SampleTag10_hs,BP02
293569,SampleTag09_hs,BP01
479135,SampleTag10_hs,BP02
171754,SampleTag11_hs,BP03
625687,SampleTag11_hs,BP03
858668,SampleTag09_hs,BP01
653099,SampleTag09_hs,BP01
488034,SampleTag10_hs,BP02
525089,SampleTag09_hs,BP01
770218,SampleTag10_hs,BP02
191519,SampleTag10_hs,BP02
297025,SampleTag09_hs,BP01
762968,SampleTag09_hs,BP01
449267,SampleTag11_hs,BP03
369110,SampleTag11_hs,BP03
652760,SampleTag10_hs,BP02
208490,SampleTag10_hs,BP02
102022,SampleTag09_hs,BP01
458916,Undetermined,Undetermined
609834,SampleTag09_hs,BP01
301817,SampleTag09_hs,BP01
592,SampleTag10_hs,BP02
126410,SampleTag09_hs,BP01
219101,SampleTag10_hs,BP02
707232,SampleTag09_hs,BP01
425232,SampleTag09_hs,BP01
455562,SampleTag10_hs,BP02
496160,SampleTag11_hs,BP03
61938,SampleTag10_hs,BP02
172506,SampleTag09_hs,BP01
725145,SampleTag10_hs,BP02
279545,SampleTag09_hs,BP01
18393,SampleTag10_hs,BP02
556352,SampleTag10_hs,BP02
852205,SampleTag11_hs,BP03
200287,SampleTag10_hs,BP02
570966,SampleTag09_hs,BP01
648542,Undetermined,Undetermined
595451,SampleTag09_hs,BP01
45720,Undetermined,Undetermined
128065,SampleTag09_hs,BP01
673223,SampleTag10_hs,BP02
532869,SampleTag09_hs,BP01
735977,SampleTag09_hs,BP01
126290,SampleTag11_hs,BP03
379433,SampleTag09_hs,BP01
358640,SampleTag09_hs,BP01
505412,SampleTag09_hs,BP01
130652,SampleTag09_hs,BP01
523604,SampleTag09_hs,BP01
656865,SampleTag09_hs,BP01
251705,SampleTag09_hs,BP01
722812,SampleTag10_hs,BP02
356156,SampleTag10_hs,BP02
345440,SampleTag09_hs,BP01
39670,SampleTag10_hs,BP02
125292,SampleTag10_hs,BP02
750293,SampleTag10_hs,BP02
577900,SampleTag10_hs,BP02
238746,SampleTag10_hs,BP02
574177,Undetermined,Undetermined
120267,SampleTag09_hs,BP01
617444,SampleTag11_hs,BP03
845023,SampleTag09_hs,BP01
133202,SampleTag09_hs,BP01
346178,SampleTag10_hs,BP02
649928,SampleTag11_hs,BP03
238596,SampleTag10_hs,BP02
586170,SampleTag09_hs,BP01
93316,SampleTag09_hs,BP01
836374,SampleTag09_hs,BP01
323446,SampleTag09_hs,BP01
385496,SampleTag11_hs,BP03
554688,SampleTag09_hs,BP01
58870,SampleTag09_hs,BP01
318451,SampleTag09_hs,BP01
384813,SampleTag10_hs,BP02
619731,Undetermined,Undetermined
257918,SampleTag09_hs,BP01
281653,SampleTag10_hs,BP02
66518,Undetermined,Undetermined
500705,SampleTag10_hs,BP02
7206,SampleTag09_hs,BP01
450454,SampleTag09_hs,BP01
381087,SampleTag09_hs,BP01
581374,SampleTag10_hs,BP02
468508,Undetermined,Undetermined
31532,SampleTag10_hs,BP02
451351,Undetermined,Undetermined
268955,SampleTag09_hs,BP01
561214,SampleTag11_hs,BP03
34188,SampleTag11_hs,BP03
163320,SampleTag10_hs,BP02
483566,SampleTag10_hs,BP02
96276,SampleTag11_hs,BP03
607183,SampleTag10_hs,BP02
691081,SampleTag11_hs,BP03
218204,SampleTag10_hs,BP02
822797,SampleTag11_hs,BP03
91723,SampleTag09_hs,BP01
488607,SampleTag11_hs,BP03
99115,SampleTag09_hs,BP01
169893,SampleTag10_hs,BP02
172404,SampleTag09_hs,BP01
380630,SampleTag10_hs,BP02
235409,SampleTag09_hs,BP01
216383,SampleTag09_hs,BP01
548336,SampleTag09_hs,BP01
609938,SampleTag09_hs,BP01
235264,SampleTag09_hs,BP01
433777,SampleTag10_hs,BP02
613103,SampleTag09_hs,BP01
472879,SampleTag09_hs,BP01
505731,SampleTag10_hs,BP02
625620,SampleTag10_hs,BP02
661751,SampleTag11_hs,BP03
36445,SampleTag11_hs,BP03
537382,SampleTag10_hs,BP02
560881,SampleTag09_hs,BP01
555728,SampleTag11_hs,BP03
457370,SampleTag09_hs,BP01
100484,SampleTag09_hs,BP01
617946,Undetermined,Undetermined
682603,SampleTag10_hs,BP02
865009,SampleTag09_hs,BP01
396665,SampleTag10_hs,BP02
381577,SampleTag11_hs,BP03
309695,SampleTag11_hs,BP03
513690,SampleTag10_hs,BP02
108251,SampleTag10_hs,BP02
637200,SampleTag09_hs,BP01
361038,SampleTag09_hs,BP01
7023,SampleTag09_hs,BP01
824758,SampleTag09_hs,BP01
322965,SampleTag09_hs,BP01
592628,SampleTag10_hs,BP02
642751,SampleTag09_hs,BP01
45911,SampleTag09_hs,BP01
587425,SampleTag09_hs,BP01
510848,SampleTag09_hs,BP01
363254,SampleTag09_hs,BP01
712162,SampleTag09_hs,BP01
793633,SampleTag10_hs,BP02
475301,SampleTag11_hs,BP03
845082,SampleTag09_hs,BP01
523799,SampleTag09_hs,BP01
676729,SampleTag10_hs,BP02
771378,SampleTag10_hs,BP02
596814,SampleTag09_hs,BP01
357027,SampleTag11_hs,BP03
237709,SampleTag10_hs,BP02
720577,SampleTag10_hs,BP02
855063,Undetermined,Undetermined
231147,SampleTag09_hs,BP01
805,Undetermined,Undetermined
207320,SampleTag09_hs,BP01
863922,SampleTag09_hs,BP01
610047,SampleTag09_hs,BP01
229793,SampleTag09_hs,BP01
626080,SampleTag09_hs,BP01
533143,SampleTag09_hs,BP01
260037,Undetermined,Undetermined
272259,SampleTag09_hs,BP01
466043,SampleTag11_hs,BP03
435831,SampleTag09_hs,BP01
606122,Undetermined,Undetermined
501355,Undetermined,Undetermined
879904,SampleTag09_hs,BP01
10351,SampleTag09_hs,BP01
627171,SampleTag09_hs,BP01
412191,SampleTag10_hs,BP02
357321,SampleTag09_hs,BP01
74783,SampleTag09_hs,BP01
810314,SampleTag10_hs,BP02
859314,Undetermined,Undetermined
13202,SampleTag09_hs,BP01
58888,SampleTag11_hs,BP03
556715,SampleTag09_hs,BP01
605714,SampleTag10_hs,BP02
83410,SampleTag09_hs,BP01
338296,SampleTag10_hs,BP02
379475,SampleTag09_hs,BP01
526976,SampleTag10_hs,BP02
672429,SampleTag10_hs,BP02
603940,SampleTag09_hs,BP01
720260,SampleTag11_hs,BP03
456528,Undetermined,Undetermined
197345,Undetermined,Undetermined
187574,SampleTag09_hs,BP01
526608,SampleTag09_hs,BP01
645270,SampleTag10_hs,BP02
31556,SampleTag09_hs,BP01
142925,SampleTag10_hs,BP02
882356,SampleTag10_hs,BP02
394278,SampleTag11_hs,BP03
499569,SampleTag09_hs,BP01
401139,SampleTag10_hs,BP02
456193,SampleTag09_hs,BP01
45103,SampleTag09_hs,BP01
443691,Undetermined,Undetermined
189482,SampleTag10_hs,BP02
611145,SampleTag10_hs,BP02
742770,SampleTag10_hs,BP02
160003,SampleTag11_hs,BP03
402499,Undetermined,Undetermined
190607,SampleTag10_hs,BP02
482807,SampleTag09_hs,BP01
766338,SampleTag10_hs,BP02
37783,SampleTag09_hs,BP01
427819,SampleTag09_hs,BP01
74594,SampleTag09_hs,BP01
65714,SampleTag10_hs,BP02
342199,Undetermined,Undetermined
813533,SampleTag10_hs,BP02
880246,SampleTag09_hs,BP01
163834,SampleTag11_hs,BP03
620639,SampleTag10_hs,BP02
312882,SampleTag11_hs,BP03
215819,SampleTag09_hs,BP01
456097,SampleTag10_hs,BP02
543350,SampleTag09_hs,BP01
296578,SampleTag10_hs,BP02
303866,SampleTag09_hs,BP01
335455,SampleTag10_hs,BP02
718184,SampleTag11_hs,BP03
473285,Undetermined,Undetermined
201932,SampleTag09_hs,BP01
846765,SampleTag09_hs,BP01
152720,SampleTag11_hs,BP03
213359,Undetermined,Undetermined
446606,SampleTag09_hs,BP01
532743,SampleTag10_hs,BP02
710065,SampleTag10_hs,BP02
128491,SampleTag09_hs,BP01
744841,SampleTag09_hs,BP01
138763,SampleTag09_hs,BP01
346498,Undetermined,Undetermined
578590,SampleTag10_hs,BP02
575065,SampleTag09_hs,BP01
799432,SampleTag09_hs,BP01
419246,SampleTag09_hs,BP01
387036,SampleTag10_hs,BP02
639556,SampleTag09_hs,BP01
630877,SampleTag10_hs,BP02
846331,SampleTag10_hs,BP02
504454,SampleTag11_hs,BP03
207554,SampleTag11_hs,BP03
580627,SampleTag09_hs,BP01
231696,SampleTag09_hs,BP01
209526,SampleTag10_hs,BP02
129698,Undetermined,Undetermined
187275,Undetermined,Undetermined
359261,SampleTag10_hs,BP02
471929,SampleTag10_hs,BP02
710637,SampleTag10_hs,BP02
868230,SampleTag10_hs,BP02
148067,Undetermined,Undetermined
109114,Undetermined,Undetermined
519694,Undetermined,Undetermined
678674,SampleTag10_hs,BP02
4309,SampleTag09_hs,BP01
90344,SampleTag11_hs,BP03
583684,SampleTag11_hs,BP03
354427,SampleTag09_hs,BP01
360671,Undetermined,Undetermined
722510,SampleTag10_hs,BP02
344117,Undetermined,Undetermined
566867,SampleTag10_hs,BP02
244699,SampleTag09_hs,BP01
462822,Undetermined,Undetermined
189663,SampleTag09_hs,BP01
371556,SampleTag10_hs,BP02
603771,Undetermined,Undetermined
876214,SampleTag09_hs,BP01
165919,SampleTag09_hs,BP01
878195,SampleTag10_hs,BP02
760215,SampleTag09_hs,BP01
88674,SampleTag11_hs,BP03
165515,SampleTag09_hs,BP01
324824,Undetermined,Undetermined
324430,SampleTag11_hs,BP03
492267,Undetermined,Undetermined
104586,SampleTag09_hs,BP01
75212,SampleTag09_hs,BP01
324191,SampleTag10_hs,BP02
570126,SampleTag10_hs,BP02
709999,SampleTag09_hs,BP01
690818,SampleTag09_hs,BP01
585647,SampleTag09_hs,BP01
855469,SampleTag09_hs,BP01
71127,SampleTag11_hs,BP03
659020,Undetermined,Undetermined
258639,SampleTag09_hs,BP01
568181,Undetermined,Undetermined
45917,Undetermined,Undetermined
251152,SampleTag10_hs,BP02
61280,SampleTag10_hs,BP02
468207,SampleTag10_hs,BP02
227531,SampleTag10_hs,BP02
243871,SampleTag11_hs,BP03
247858,Undetermined,Undetermined
224756,SampleTag10_hs,BP02
431911,SampleTag11_hs,BP03
496602,SampleTag09_hs,BP01
839931,SampleTag11_hs,BP03
774645,SampleTag09_hs,BP01
64262,SampleTag09_hs,BP01
191128,SampleTag11_hs,BP03
267743,SampleTag11_hs,BP03
784745,SampleTag09_hs,BP01
397488,SampleTag09_hs,BP01
648195,SampleTag10_hs,BP02
235425,SampleTag09_hs,BP01
524549,Undetermined,Undetermined
423563,SampleTag10_hs,BP02
457268,SampleTag10_hs,BP02
264328,SampleTag10_hs,BP02
342387,SampleTag09_hs,BP01
658277,SampleTag09_hs,BP01
833819,SampleTag10_hs,BP02
839636,SampleTag10_hs,BP02
1354,SampleTag09_hs,BP01
448794,Undetermined,Undetermined
528525,SampleTag09_hs,BP01
650009,SampleTag11_hs,BP03
69660,SampleTag10_hs,BP02
317227,SampleTag09_hs,BP01
56022,SampleTag09_hs,BP01
213322,SampleTag09_hs,BP01
726927,SampleTag09_hs,BP01
399947,Undetermined,Undetermined
577531,SampleTag11_hs,BP03
595299,SampleTag10_hs,BP02
525146,SampleTag09_hs,BP01
117679,SampleTag10_hs,BP02
270433,Undetermined,Undetermined
331788,SampleTag10_hs,BP02
632592,SampleTag10_hs,BP02
190563,SampleTag10_hs,BP02
272120,SampleTag09_hs,BP01
73549,SampleTag09_hs,BP01
818821,Undetermined,Undetermined
261925,SampleTag10_hs,BP02
780820,SampleTag09_hs,BP01
173117,SampleTag09_hs,BP01
25238,SampleTag10_hs,BP02
482495,SampleTag10_hs,BP02
93458,SampleTag09_hs,BP01
570469,SampleTag11_hs,BP03
201521,SampleTag09_hs,BP01
750756,SampleTag10_hs,BP02
444865,SampleTag09_hs,BP01
865413,SampleTag11_hs,BP03
529237,SampleTag09_hs,BP01
102397,SampleTag11_hs,BP03
95450,Undetermined,Undetermined
365352,SampleTag10_hs,BP02
427912,SampleTag10_hs,BP02
38511,SampleTag09_hs,BP01
429564,SampleTag10_hs,BP02
617799,SampleTag10_hs,BP02
233462,SampleTag09_hs,BP01
325884,SampleTag11_hs,BP03
536091,SampleTag10_hs,BP02
821614,SampleTag09_hs,BP01
97811,SampleTag11_hs,BP03
104610,Undetermined,Undetermined
583305,SampleTag11_hs,BP03
733967,SampleTag11_hs,BP03
517937,SampleTag10_hs,BP02
708057,Undetermined,Undetermined
661721,SampleTag09_hs,BP01
803858,SampleTag10_hs,BP02
640407,SampleTag09_hs,BP01
129890,SampleTag10_hs,BP02
466904,SampleTag10_hs,BP02
440053,SampleTag10_hs,BP02
273249,SampleTag10_hs,BP02
303626,SampleTag09_hs,BP01
591075,Undetermined,Undetermined
132425,SampleTag11_hs,BP03
386288,Undetermined,Undetermined
364061,SampleTag11_hs,BP03
14605,SampleTag09_hs,BP01
151422,SampleTag09_hs,BP01
651097,Undetermined,Undetermined
590770,SampleTag09_hs,BP01
466585,SampleTag10_hs,BP02
753657,SampleTag10_hs,BP02
535170,Undetermined,Undetermined
73961,SampleTag10_hs,BP02
626097,SampleTag09_hs,BP01
743913,SampleTag10_hs,BP02
40848,SampleTag09_hs,BP01
28352,SampleTag10_hs,BP02
624932,SampleTag11_hs,BP03
228343,Undetermined,Undetermined
712078,SampleTag09_hs,BP01
805229,SampleTag10_hs,BP02
1168,SampleTag11_hs,BP03
382219,SampleTag11_hs,BP03
235654,SampleTag09_hs,BP01
715416,SampleTag09_hs,BP01
191573,SampleTag09_hs,BP01
773467,Undetermined,Undetermined
692627,SampleTag09_hs,BP01
377894,SampleTag09_hs,BP01
652023,SampleTag09_hs,BP01
169691,SampleTag09_hs,BP01
190241,SampleTag09_hs,BP01
30136,SampleTag09_hs,BP01
542746,SampleTag10_hs,BP02
3153,SampleTag10_hs,BP02
43456,SampleTag10_hs,BP02
151191,SampleTag09_hs,BP01
421062,SampleTag10_hs,BP02
433203,SampleTag09_hs,BP01
448072,SampleTag10_hs,BP02
750433,SampleTag10_hs,BP02
785807,SampleTag09_hs,BP01
280416,Undetermined,Undetermined
543115,SampleTag10_hs,BP02
40513,SampleTag11_hs,BP03
205200,SampleTag10_hs,BP02
342483,SampleTag09_hs,BP01
113429,SampleTag09_hs,BP01
550410,SampleTag09_hs,BP01
367158,SampleTag09_hs,BP01
21643,SampleTag10_hs,BP02
59466,SampleTag10_hs,BP02
308054,SampleTag09_hs,BP01
576739,SampleTag11_hs,BP03
297576,SampleTag11_hs,BP03
103553,SampleTag11_hs,BP03
672308,SampleTag09_hs,BP01
102334,SampleTag09_hs,BP01
62117,SampleTag09_hs,BP01
62652,SampleTag09_hs,BP01
647368,SampleTag10_hs,BP02
847287,Undetermined,Undetermined
701958,SampleTag11_hs,BP03
130729,SampleTag09_hs,BP01
868037,SampleTag11_hs,BP03
41052,SampleTag10_hs,BP02
134070,SampleTag09_hs,BP01
618666,SampleTag09_hs,BP01
321663,SampleTag10_hs,BP02
843640,SampleTag11_hs,BP03
858366,SampleTag09_hs,BP01
66129,Undetermined,Undetermined
165504,SampleTag09_hs,BP01
572271,Undetermined,Undetermined
90783,Undetermined,Undetermined
490706,Undetermined,Undetermined
865937,Undetermined,Undetermined
229058,SampleTag10_hs,BP02
6873,SampleTag09_hs,BP01
237787,Undetermined,Undetermined
130477,SampleTag10_hs,BP02
727941,SampleTag10_hs,BP02
98154,SampleTag09_hs,BP01
139615,Undetermined,Undetermined
847045,SampleTag10_hs,BP02
462971,SampleTag11_hs,BP03
133142,SampleTag11_hs,BP03
362927,SampleTag11_hs,BP03
504749,SampleTag09_hs,BP01
831723,SampleTag10_hs,BP02
283420,SampleTag09_hs,BP01
539808,SampleTag09_hs,BP01
635906,SampleTag09_hs,BP01
767470,Undetermined,Undetermined
552299,SampleTag10_hs,BP02
771215,Undetermined,Undetermined
755327,Undetermined,Undetermined
283016,SampleTag09_hs,BP01
754965,SampleTag10_hs,BP02
630274,SampleTag10_hs,BP02
650973,SampleTag09_hs,BP01
169940,Undetermined,Undetermined
598399,SampleTag10_hs,BP02
522147,SampleTag09_hs,BP01
305474,SampleTag09_hs,BP01
877838,SampleTag10_hs,BP02
111492,SampleTag09_hs,BP01
847435,Undetermined,Undetermined
315806,SampleTag10_hs,BP02
843975,SampleTag09_hs,BP01
405500,SampleTag09_hs,BP01
741382,SampleTag09_hs,BP01
518524,SampleTag11_hs,BP03
47302,Undetermined,Undetermined
147978,SampleTag09_hs,BP01
331255,SampleTag09_hs,BP01
230066,Undetermined,Undetermined
466567,SampleTag09_hs,BP01
743586,SampleTag10_hs,BP02
819262,SampleTag09_hs,BP01
589837,SampleTag10_hs,BP02
797780,SampleTag11_hs,BP03
211158,SampleTag09_hs,BP01
688694,SampleTag11_hs,BP03
150609,SampleTag09_hs,BP01
552980,SampleTag09_hs,BP01
123543,SampleTag10_hs,BP02
158582,SampleTag10_hs,BP02
99444,SampleTag09_hs,BP01
35687,SampleTag09_hs,BP01
744165,SampleTag09_hs,BP01
212285,SampleTag09_hs,BP01
848770,SampleTag09_hs,BP01
591568,SampleTag10_hs,BP02
7552,Undetermined,Undetermined
645656,SampleTag10_hs,BP02
297451,Undetermined,Undetermined
564117,SampleTag09_hs,BP01
842401,SampleTag10_hs,BP02
299170,SampleTag09_hs,BP01
463241,Undetermined,Undetermined
73479,SampleTag11_hs,BP03
211245,SampleTag09_hs,BP01
486027,SampleTag09_hs,BP01
764218,SampleTag09_hs,BP01
96945,SampleTag11_hs,BP03
189430,SampleTag09_hs,BP01
335895,SampleTag09_hs,BP01
463578,SampleTag10_hs,BP02
722156,SampleTag09_hs,BP01
1715,Undetermined,Undetermined
645934,Undetermined,Undetermined
27333,SampleTag10_hs,BP02
166957,SampleTag09_hs,BP01
481308,SampleTag10_hs,BP02
837343,SampleTag11_hs,BP03
266454,SampleTag11_hs,BP03
274232,SampleTag10_hs,BP02
658724,SampleTag09_hs,BP01
318294,SampleTag10_hs,BP02
515670,SampleTag09_hs,BP01
35445,SampleTag09_hs,BP01
105357,SampleTag09_hs,BP01
331151,Undetermined,Undetermined
110563,SampleTag09_hs,BP01
235195,SampleTag09_hs,BP01
221022,SampleTag09_hs,BP01
511791,SampleTag09_hs,BP01
320873,SampleTag09_hs,BP01
329575,SampleTag09_hs,BP01
327663,SampleTag10_hs,BP02
133483,SampleTag09_hs,BP01
602314,Undetermined,Undetermined
218197,SampleTag09_hs,BP01
277077,SampleTag10_hs,BP02
740475,Undetermined,Undetermined
224978,SampleTag09_hs,BP01
243495,SampleTag09_hs,BP01
353093,SampleTag10_hs,BP02
338642,SampleTag09_hs,BP01
253438,SampleTag10_hs,BP02
264059,SampleTag11_hs,BP03
145537,SampleTag10_hs,BP02
561462,SampleTag10_hs,BP02
213797,Undetermined,Undetermined
643782,SampleTag09_hs,BP01
726046,Undetermined,Undetermined
449519,SampleTag11_hs,BP03
345374,SampleTag09_hs,BP01
457993,Undetermined,Undetermined
773507,SampleTag11_hs,BP03
248876,SampleTag09_hs,BP01
648985,SampleTag09_hs,BP01
186096,Undetermined,Undetermined
646246,SampleTag10_hs,BP02
815471,Undetermined,Undetermined
266984,Undetermined,Undetermined
382950,SampleTag09_hs,BP01
460858,SampleTag09_hs,BP01
55027,SampleTag10_hs,BP02
176639,SampleTag09_hs,BP01
658340,SampleTag11_hs,BP03
485330,SampleTag11_hs,BP03
186653,SampleTag09_hs,BP01
67104,SampleTag11_hs,BP03
345578,SampleTag09_hs,BP01
98632,SampleTag09_hs,BP01
489694,SampleTag09_hs,BP01
108402,SampleTag09_hs,BP01
402140,SampleTag11_hs,BP03
313796,SampleTag11_hs,BP03
422394,SampleTag09_hs,BP01
97900,SampleTag09_hs,BP01
759360,Undetermined,Undetermined
278814,SampleTag09_hs,BP01
652775,Undetermined,Undetermined
170446,SampleTag09_hs,BP01
529694,Undetermined,Undetermined
766249,SampleTag11_hs,BP03
778491,SampleTag10_hs,BP02
162262,SampleTag10_hs,BP02
786751,SampleTag11_hs,BP03
23515,SampleTag10_hs,BP02
325141,SampleTag09_hs,BP01
740694,SampleTag10_hs,BP02
158957,Undetermined,Undetermined
136692,SampleTag09_hs,BP01
650465,SampleTag09_hs,BP01
696784,SampleTag10_hs,BP02
34927,SampleTag10_hs,BP02
858615,SampleTag10_hs,BP02
138888,SampleTag10_hs,BP02
511237,SampleTag09_hs,BP01
48165,SampleTag09_hs,BP01
319873,Undetermined,Undetermined
352071,SampleTag09_hs,BP01
421279,SampleTag09_hs,BP01
226502,SampleTag09_hs,BP01
321587,SampleTag09_hs,BP01
319744,SampleTag09_hs,BP01
705602,SampleTag10_hs,BP02
844453,SampleTag09_hs,BP01
701298,SampleTag10_hs,BP02
158513,SampleTag10_hs,BP02
188382,SampleTag10_hs,BP02
662297,SampleTag10_hs,BP02
177958,SampleTag09_hs,BP01
629754,SampleTag11_hs,BP03
217240,SampleTag10_hs,BP02
14902,Undetermined,Undetermined
813464,SampleTag11_hs,BP03
422850,SampleTag09_hs,BP01
841500,Undetermined,Undetermined
250001,SampleTag11_hs,BP03
408260,SampleTag10_hs,BP02
748689,SampleTag10_hs,BP02
84856,SampleTag10_hs,BP02
181071,SampleTag10_hs,BP02
854027,SampleTag09_hs,BP01
323613,SampleTag10_hs,BP02
738469,SampleTag11_hs,BP03
236526,SampleTag10_hs,BP02
776462,SampleTag09_hs,BP01
25244,SampleTag11_hs,BP03
296083,SampleTag10_hs,BP02
458720,SampleTag10_hs,BP02
859127,SampleTag09_hs,BP01
821558,SampleTag09_hs,BP01
98246,SampleTag09_hs,BP01
465754,SampleTag09_hs,BP01
499031,SampleTag10_hs,BP02
28777,SampleTag10_hs,BP02
352430,SampleTag11_hs,BP03
550629,SampleTag10_hs,BP02
798245,SampleTag09_hs,BP01
256710,SampleTag11_hs,BP03
536698,SampleTag10_hs,BP02
404013,SampleTag10_hs,BP02
491695,SampleTag10_hs,BP02
631645,SampleTag09_hs,BP01
126789,SampleTag09_hs,BP01
818943,SampleTag09_hs,BP01
195425,SampleTag09_hs,BP01
494848,SampleTag09_hs,BP01
836170,Undetermined,Undetermined
65360,SampleTag09_hs,BP01
432672,SampleTag09_hs,BP01
381554,SampleTag09_hs,BP01
382782,SampleTag09_hs,BP01
861260,Undetermined,Undetermined
397211,SampleTag09_hs,BP01
827056,Undetermined,Undetermined
82214,SampleTag10_hs,BP02
137218,SampleTag10_hs,BP02
309011,SampleTag11_hs,BP03
402690,SampleTag10_hs,BP02
17019,Undetermined,Undetermined
680060,SampleTag09_hs,BP01
694596,SampleTag10_hs,BP02
38155,SampleTag10_hs,BP02
380281,SampleTag11_hs,BP03
794567,Undetermined,Undetermined
688465,SampleTag10_hs,BP02
875040,SampleTag09_hs,BP01
143172,SampleTag11_hs,BP03
518902,SampleTag10_hs,BP02
601185,SampleTag09_hs,BP01
625099,SampleTag09_hs,BP01
400149,SampleTag11_hs,BP03
199252,Undetermined,Undetermined
297084,SampleTag10_hs,BP02
290761,SampleTag09_hs,BP01
288068,SampleTag10_hs,BP02
773045,SampleTag09_hs,BP01
97198,SampleTag09_hs,BP01
188900,SampleTag10_hs,BP02
134248,SampleTag10_hs,BP02
302942,SampleTag09_hs,BP01
840196,Undetermined,Undetermined
538984,SampleTag10_hs,BP02
861337,Undetermined,Undetermined
393162,SampleTag11_hs,BP03
624996,SampleTag10_hs,BP02
725175,Undetermined,Undetermined
247285,SampleTag09_hs,BP01
527116,SampleTag10_hs,BP02
659128,SampleTag09_hs,BP01
696788,SampleTag10_hs,BP02
526946,SampleTag10_hs,BP02
810491,SampleTag09_hs,BP01
736396,SampleTag09_hs,BP01
358167,SampleTag09_hs,BP01
385063,SampleTag09_hs,BP01
71324,Undetermined,Undetermined
626947,SampleTag10_hs,BP02
229152,Undetermined,Undetermined
633930,SampleTag11_hs,BP03
715706,SampleTag09_hs,BP01
579585,SampleTag09_hs,BP01
751730,SampleTag10_hs,BP02
796310,SampleTag09_hs,BP01
38108,SampleTag10_hs,BP02
604415,Undetermined,Undetermined
624339,Undetermined,Undetermined
849796,SampleTag10_hs,BP02
40555,SampleTag09_hs,BP01
647843,SampleTag09_hs,BP01
787057,SampleTag10_hs,BP02
308369,SampleTag09_hs,BP01
577178,SampleTag09_hs,BP01
327293,SampleTag10_hs,BP02
820253,SampleTag09_hs,BP01
148673,Undetermined,Undetermined
577550,Undetermined,Undetermined
579051,SampleTag09_hs,BP01
662093,SampleTag10_hs,BP02
267508,SampleTag09_hs,BP01
101957,SampleTag09_hs,BP01
593696,SampleTag10_hs,BP02
214038,SampleTag10_hs,BP02
534782,SampleTag09_hs,BP01
737915,SampleTag10_hs,BP02
747480,SampleTag10_hs,BP02
124411,Undetermined,Undetermined
251699,SampleTag09_hs,BP01
292371,SampleTag10_hs,BP02
319212,SampleTag10_hs,BP02
334097,SampleTag09_hs,BP01
510797,SampleTag11_hs,BP03
613853,SampleTag11_hs,BP03
710256,Undetermined,Undetermined
101866,Undetermined,Undetermined
647027,SampleTag10_hs,BP02
123508,SampleTag09_hs,BP01
842271,SampleTag11_hs,BP03
760093,SampleTag10_hs,BP02
288782,Undetermined,Undetermined
271153,SampleTag09_hs,BP01
204400,SampleTag09_hs,BP01
481222,SampleTag09_hs,BP01
22588,SampleTag09_hs,BP01
404127,SampleTag09_hs,BP01
817946,SampleTag10_hs,BP02
722502,SampleTag11_hs,BP03
872587,SampleTag09_hs,BP01
411180,SampleTag09_hs,BP01
673334,SampleTag09_hs,BP01
33168,SampleTag09_hs,BP01
313582,SampleTag11_hs,BP03
407532,SampleTag10_hs,BP02
782248,Undetermined,Undetermined
677603,Undetermined,Undetermined
132334,SampleTag10_hs,BP02
800721,SampleTag10_hs,BP02
865064,SampleTag09_hs,BP01
556299,SampleTag09_hs,BP01
856862,SampleTag09_hs,BP01
138165,SampleTag09_hs,BP01
524306,Undetermined,Undetermined
747837,Undetermined,Undetermined
768240,SampleTag09_hs,BP01
644022,SampleTag10_hs,BP02
730408,SampleTag10_hs,BP02
145867,Undetermined,Undetermined
600866,SampleTag09_hs,BP01
54865,SampleTag09_hs,BP01
226879,SampleTag11_hs,BP03
426783,Undetermined,Undetermined
216907,SampleTag09_hs,BP01
177021,SampleTag10_hs,BP02
449618,SampleTag09_hs,BP01
799608,SampleTag10_hs,BP02
24445,SampleTag09_hs,BP01
305518,SampleTag09_hs,BP01
807469,SampleTag09_hs,BP01
488005,SampleTag09_hs,BP01
868581,SampleTag09_hs,BP01
200638,SampleTag09_hs,BP01
771924,SampleTag11_hs,BP03
702792,SampleTag09_hs,BP01
713856,SampleTag10_hs,BP02
138925,SampleTag09_hs,BP01
220433,Undetermined,Undetermined
240625,SampleTag11_hs,BP03
268805,SampleTag10_hs,BP02
506896,SampleTag11_hs,BP03
878125,SampleTag09_hs,BP01
209633,SampleTag10_hs,BP02
261397,SampleTag10_hs,BP02
701043,SampleTag09_hs,BP01
184824,SampleTag09_hs,BP01
696909,SampleTag09_hs,BP01
752552,SampleTag11_hs,BP03
265708,SampleTag10_hs,BP02
837004,Undetermined,Undetermined
118363,SampleTag10_hs,BP02
644943,SampleTag09_hs,BP01
204326,SampleTag10_hs,BP02
416955,Undetermined,Undetermined
441032,Undetermined,Undetermined
25924,SampleTag09_hs,BP01
387750,SampleTag10_hs,BP02
763911,SampleTag09_hs,BP01
188698,SampleTag10_hs,BP02
368918,Undetermined,Undetermined
454964,SampleTag11_hs,BP03
206210,SampleTag10_hs,BP02
524801,SampleTag09_hs,BP01
736476,SampleTag09_hs,BP01
742701,SampleTag09_hs,BP01
784055,SampleTag09_hs,BP01
33907,SampleTag11_hs,BP03
206953,SampleTag09_hs,BP01
725370,Undetermined,Undetermined
235081,Undetermined,Undetermined
756617,SampleTag11_hs,BP03
840619,SampleTag09_hs,BP01
606145,Undetermined,Undetermined
727058,SampleTag09_hs,BP01
464485,SampleTag11_hs,BP03
545981,SampleTag09_hs,BP01
206612,Undetermined,Undetermined
213516,SampleTag11_hs,BP03
755556,SampleTag09_hs,BP01
869765,SampleTag11_hs,BP03
870194,Undetermined,Undetermined
245915,SampleTag09_hs,BP01
297950,SampleTag10_hs,BP02
703036,SampleTag10_hs,BP02
168612,Undetermined,Undetermined
803968,SampleTag09_hs,BP01
193326,SampleTag09_hs,BP01
754853,SampleTag09_hs,BP01
863222,SampleTag09_hs,BP01
21896,Undetermined,Undetermined
822657,SampleTag09_hs,BP01
191443,SampleTag10_hs,BP02
412429,SampleTag10_hs,BP02
206690,Undetermined,Undetermined
689487,SampleTag10_hs,BP02
668272,SampleTag10_hs,BP02
811474,SampleTag11_hs,BP03
605117,Undetermined,Undetermined
760958,SampleTag11_hs,BP03
115480,SampleTag09_hs,BP01
193086,SampleTag10_hs,BP02
737067,Undetermined,Undetermined
774993,SampleTag10_hs,BP02
110724,SampleTag09_hs,BP01
683481,SampleTag09_hs,BP01
474042,SampleTag10_hs,BP02
592050,Undetermined,Undetermined
876472,SampleTag09_hs,BP01
13747,SampleTag11_hs,BP03
441478,SampleTag09_hs,BP01
570562,SampleTag09_hs,BP01
214282,SampleTag09_hs,BP01
724260,SampleTag10_hs,BP02
80804,SampleTag10_hs,BP02
263361,SampleTag09_hs,BP01
86331,SampleTag09_hs,BP01
379691,SampleTag10_hs,BP02
706269,SampleTag09_hs,BP01
157271,SampleTag10_hs,BP02
275642,SampleTag11_hs,BP03
297776,SampleTag11_hs,BP03
595395,SampleTag10_hs,BP02
374379,SampleTag10_hs,BP02
455820,SampleTag11_hs,BP03
81130,Undetermined,Undetermined
614618,SampleTag10_hs,BP02
744444,Undetermined,Undetermined
789112,SampleTag09_hs,BP01
827900,Undetermined,Undetermined
483576,SampleTag09_hs,BP01
673697,SampleTag09_hs,BP01
721891,Undetermined,Undetermined
758673,Undetermined,Undetermined
822430,SampleTag09_hs,BP01
741316,SampleTag09_hs,BP01
161734,SampleTag09_hs,BP01
875458,SampleTag10_hs,BP02
153308,SampleTag10_hs,BP02
763593,SampleTag10_hs,BP02
406374,SampleTag10_hs,BP02
831950,SampleTag09_hs,BP01
688562,Undetermined,Undetermined
827275,Undetermined,Undetermined
855059,Undetermined,Undetermined
743786,SampleTag09_hs,BP01
248968,SampleTag10_hs,BP02
454552,SampleTag10_hs,BP02
599369,SampleTag09_hs,BP01
405337,SampleTag10_hs,BP02
687679,SampleTag09_hs,BP01
179116,SampleTag11_hs,BP03
503436,SampleTag09_hs,BP01
560166,SampleTag10_hs,BP02
724020,SampleTag09_hs,BP01
767663,SampleTag09_hs,BP01
877326,Undetermined,Undetermined
742136,SampleTag11_hs,BP03
129977,SampleTag10_hs,BP02
309783,SampleTag10_hs,BP02
829883,SampleTag10_hs,BP02
35341,SampleTag10_hs,BP02
267193,SampleTag09_hs,BP01
689664,SampleTag10_hs,BP02
795826,SampleTag10_hs,BP02
245835,Undetermined,Undetermined
362125,SampleTag09_hs,BP01
436067,Undetermined,Undetermined
485901,SampleTag10_hs,BP02
690057,SampleTag10_hs,BP02
747967,Undetermined,Undetermined
794392,SampleTag10_hs,BP02
236529,SampleTag10_hs,BP02
482271,SampleTag09_hs,BP01
703858,SampleTag09_hs,BP01
751400,Undetermined,Undetermined
46299,SampleTag11_hs,BP03
752383,SampleTag09_hs,BP01
823903,Undetermined,Undetermined
102175,SampleTag09_hs,BP01
132643,SampleTag09_hs,BP01
203178,SampleTag10_hs,BP02
514772,Undetermined,Undetermined
387178,Undetermined,Undetermined
495432,SampleTag11_hs,BP03
702871,SampleTag11_hs,BP03
763402,SampleTag09_hs,BP01
829657,SampleTag09_hs,BP01
559004,SampleTag11_hs,BP03
697117,Undetermined,Undetermined
768457,SampleTag09_hs,BP01
757943,SampleTag11_hs,BP03
233752,Undetermined,Undetermined
683513,Undetermined,Undetermined
373743,Undetermined,Undetermined
505238,SampleTag11_hs,BP03
722912,Undetermined,Undetermined
6936,Undetermined,Undetermined
604386,SampleTag09_hs,BP01
499903,SampleTag11_hs,BP03
578161,SampleTag10_hs,BP02
671635,SampleTag10_hs,BP02
851826,SampleTag10_hs,BP02
882279,SampleTag10_hs,BP02
859243,SampleTag11_hs,BP03
362963,SampleTag11_hs,BP03
311045,SampleTag11_hs,BP03
653952,SampleTag11_hs,BP03
759008,SampleTag11_hs,BP03
666826,SampleTag11_hs,BP03
198787,SampleTag10_hs,BP02
307510,SampleTag11_hs,BP03
624795,SampleTag10_hs,BP02
844422,SampleTag11_hs,BP03
83372,SampleTag11_hs,BP03
741618,SampleTag10_hs,BP02
340746,SampleTag09_hs,BP01
344656,SampleTag11_hs,BP03
656220,SampleTag10_hs,BP02
367814,SampleTag10_hs,BP02
852517,SampleTag11_hs,BP03
17614,SampleTag09_hs,BP01
592307,SampleTag09_hs,BP01
662736,Undetermined,Undetermined
763859,Undetermined,Undetermined
46363,SampleTag10_hs,BP02
93600,SampleTag09_hs,BP01
634847,SampleTag10_hs,BP02
262409,SampleTag09_hs,BP01
356424,SampleTag09_hs,BP01
765262,SampleTag11_hs,BP03
801238,Undetermined,Undetermined
745066,SampleTag10_hs,BP02
768031,SampleTag10_hs,BP02
141668,SampleTag10_hs,BP02
710930,SampleTag09_hs,BP01
298610,Undetermined,Undetermined
494696,SampleTag11_hs,BP03
599585,SampleTag11_hs,BP03
862286,SampleTag09_hs,BP01
459675,SampleTag11_hs,BP03
232528,SampleTag10_hs,BP02
105367,SampleTag09_hs,BP01
777746,Undetermined,Undetermined
512833,SampleTag11_hs,BP03
139278,SampleTag10_hs,BP02
88067,SampleTag11_hs,BP03
239533,Undetermined,Undetermined
451823,SampleTag10_hs,BP02
472260,Undetermined,Undetermined
508839,SampleTag09_hs,BP01
295165,SampleTag10_hs,BP02
432110,SampleTag09_hs,BP01
43466,SampleTag10_hs,BP02
836003,SampleTag09_hs,BP01
396445,Undetermined,Undetermined
473529,SampleTag09_hs,BP01
704331,SampleTag11_hs,BP03
191587,SampleTag11_hs,BP03
242973,SampleTag09_hs,BP01
372756,Undetermined,Undetermined
761492,SampleTag10_hs,BP02
873474,SampleTag10_hs,BP02
118545,SampleTag11_hs,BP03
239908,SampleTag09_hs,BP01
240619,SampleTag10_hs,BP02
486658,SampleTag09_hs,BP01
606778,SampleTag10_hs,BP02
828192,SampleTag10_hs,BP02
120615,Undetermined,Undetermined
311528,SampleTag09_hs,BP01
572194,SampleTag09_hs,BP01
598365,SampleTag09_hs,BP01
760233,SampleTag10_hs,BP02
766692,SampleTag10_hs,BP02
131181,SampleTag11_hs,BP03
576821,SampleTag11_hs,BP03
484535,SampleTag09_hs,BP01
656819,Undetermined,Undetermined
768781,SampleTag10_hs,BP02
215429,SampleTag10_hs,BP02
489071,SampleTag09_hs,BP01
88148,SampleTag09_hs,BP01
808795,SampleTag09_hs,BP01
809978,SampleTag11_hs,BP03
333079,Undetermined,Undetermined
741683,SampleTag11_hs,BP03
796164,SampleTag09_hs,BP01
24339,Undetermined,Undetermined
686365,SampleTag11_hs,BP03
777891,SampleTag10_hs,BP02
815783,SampleTag10_hs,BP02
876014,SampleTag09_hs,BP01
136300,SampleTag11_hs,BP03
752712,SampleTag10_hs,BP02
777085,SampleTag10_hs,BP02
751514,SampleTag09_hs,BP01
147354,SampleTag09_hs,BP01
596606,Undetermined,Undetermined
866066,SampleTag11_hs,BP03
263156,SampleTag11_hs,BP03
361536,SampleTag11_hs,BP03
597512,SampleTag11_hs,BP03
797952,Undetermined,Undetermined
231257,SampleTag11_hs,BP03
787201,SampleTag10_hs,BP02
432030,SampleTag09_hs,BP01
436643,SampleTag11_hs,BP03
90506,SampleTag10_hs,BP02
262609,SampleTag11_hs,BP03
401371,SampleTag09_hs,BP01
130031,SampleTag10_hs,BP02
594362,Undetermined,Undetermined
675979,SampleTag09_hs,BP01
723727,SampleTag10_hs,BP02
495314,Undetermined,Undetermined
651976,Undetermined,Undetermined
836331,SampleTag10_hs,BP02
853675,SampleTag10_hs,BP02
242388,SampleTag10_hs,BP02
383198,SampleTag10_hs,BP02
669143,SampleTag10_hs,BP02
803735,SampleTag10_hs,BP02
36093,SampleTag09_hs,BP01
357038,SampleTag10_hs,BP02
640020,SampleTag10_hs,BP02
807553,Undetermined,Undetermined
414773,SampleTag09_hs,BP01
875081,SampleTag09_hs,BP01
57284,SampleTag09_hs,BP01
789460,Undetermined,Undetermined
225564,SampleTag11_hs,BP03
216183,SampleTag09_hs,BP01
758684,SampleTag10_hs,BP02
875951,SampleTag10_hs,BP02
111028,SampleTag09_hs,BP01
319959,SampleTag09_hs,BP01
876329,SampleTag10_hs,BP02
519298,SampleTag10_hs,BP02
698534,SampleTag09_hs,BP01
771139,SampleTag09_hs,BP01
872581,SampleTag10_hs,BP02
383919,SampleTag09_hs,BP01
794056,SampleTag10_hs,BP02
828658,SampleTag11_hs,BP03
861065,SampleTag10_hs,BP02
525683,SampleTag10_hs,BP02
112898,Undetermined,Undetermined
65405,SampleTag11_hs,BP03
287157,SampleTag11_hs,BP03
235160,SampleTag11_hs,BP03
419127,SampleTag11_hs,BP03
845367,SampleTag11_hs,BP03
421563,SampleTag09_hs,BP01
559597,SampleTag09_hs,BP01
873750,SampleTag09_hs,BP01
850297,SampleTag09_hs,BP01
857884,SampleTag09_hs,BP01
873623,Undetermined,Undetermined
309130,SampleTag09_hs,BP01
820400,SampleTag10_hs,BP02
194780,SampleTag09_hs,BP01
229771,Undetermined,Undetermined
797904,SampleTag10_hs,BP02
28631,SampleTag09_hs,BP01
667867,SampleTag09_hs,BP01
797128,SampleTag09_hs,BP01
244017,SampleTag10_hs,BP02
592201,Undetermined,Undetermined
638897,Undetermined,Undetermined
729104,SampleTag11_hs,BP03
606508,SampleTag11_hs,BP03
820386,SampleTag10_hs,BP02
527515,Undetermined,Undetermined
582908,Undetermined,Undetermined
814618,SampleTag11_hs,BP03
336392,SampleTag09_hs,BP01
513669,SampleTag10_hs,BP02
4000,SampleTag10_hs,BP02
407233,SampleTag10_hs,BP02
772139,Undetermined,Undetermined
547977,SampleTag09_hs,BP01
840007,Undetermined,Undetermined
432009,Undetermined,Undetermined
638030,SampleTag09_hs,BP01
26746,Undetermined,Undetermined
345336,SampleTag11_hs,BP03
687470,SampleTag09_hs,BP01
711297,SampleTag10_hs,BP02
243267,SampleTag10_hs,BP02
878168,SampleTag10_hs,BP02
33298,SampleTag10_hs,BP02
825474,SampleTag09_hs,BP01
649719,Undetermined,Undetermined
776980,SampleTag10_hs,BP02
91882,SampleTag11_hs,BP03
537194,SampleTag10_hs,BP02
711926,Undetermined,Undetermined
745760,SampleTag09_hs,BP01
605618,SampleTag11_hs,BP03
827729,SampleTag11_hs,BP03
138455,SampleTag11_hs,BP03
557805,SampleTag09_hs,BP01
760161,SampleTag10_hs,BP02
815741,Undetermined,Undetermined
183313,Undetermined,Undetermined
673664,SampleTag10_hs,BP02
294933,SampleTag09_hs,BP01
483790,SampleTag10_hs,BP02
387534,SampleTag09_hs,BP01
490352,Undetermined,Undetermined
46761,SampleTag10_hs,BP02
302257,SampleTag10_hs,BP02
742522,SampleTag10_hs,BP02
770087,Undetermined,Undetermined
804561,Undetermined,Undetermined
197512,SampleTag10_hs,BP02
697040,SampleTag10_hs,BP02
131441,SampleTag10_hs,BP02
554323,Undetermined,Undetermined
669833,SampleTag10_hs,BP02
35348,SampleTag11_hs,BP03
156390,SampleTag09_hs,BP01
854046,SampleTag10_hs,BP02
287764,Undetermined,Undetermined
545365,SampleTag09_hs,BP01
764535,Undetermined,Undetermined
876242,Undetermined,Undetermined
705184,SampleTag11_hs,BP03
777381,SampleTag10_hs,BP02
356116,SampleTag11_hs,BP03
41513,SampleTag10_hs,BP02
664753,SampleTag11_hs,BP03
613926,SampleTag09_hs,BP01
789693,SampleTag10_hs,BP02
264712,SampleTag11_hs,BP03
294787,SampleTag10_hs,BP02
273261,SampleTag10_hs,BP02
436032,SampleTag11_hs,BP03
294322,SampleTag10_hs,BP02
822478,Undetermined,Undetermined
301569,Undetermined,Undetermined
582009,SampleTag10_hs,BP02
194166,SampleTag11_hs,BP03
354092,Undetermined,Undetermined
31895,SampleTag10_hs,BP02
163565,SampleTag09_hs,BP01
557338,SampleTag10_hs,BP02
114863,Undetermined,Undetermined
838226,SampleTag10_hs,BP02
337300,Undetermined,Undetermined
596658,Undetermined,Undetermined
122820,SampleTag10_hs,BP02
649040,Undetermined,Undetermined
608207,Undetermined,Undetermined
703067,Undetermined,Undetermined
281355,SampleTag10_hs,BP02
794323,SampleTag10_hs,BP02
835369,SampleTag09_hs,BP01
695925,SampleTag10_hs,BP02
875293,SampleTag09_hs,BP01
334346,SampleTag10_hs,BP02
838849,Undetermined,Undetermined
687325,SampleTag09_hs,BP01
744184,SampleTag11_hs,BP03
636492,SampleTag11_hs,BP03
373341,SampleTag11_hs,BP03
487739,SampleTag10_hs,BP02
782038,Undetermined,Undetermined
815798,SampleTag09_hs,BP01
241509,Undetermined,Undetermined
764052,Undetermined,Undetermined
795976,SampleTag09_hs,BP01
213973,Undetermined,Undetermined
207329,Undetermined,Undetermined
544702,SampleTag09_hs,BP01
767878,Undetermined,Undetermined
877322,SampleTag09_hs,BP01
126842,Undetermined,Undetermined
834941,SampleTag09_hs,BP01
853657,SampleTag11_hs,BP03
476868,Undetermined,Undetermined
478687,SampleTag09_hs,BP01
673439,SampleTag11_hs,BP03
419532,SampleTag10_hs,BP02
88708,SampleTag11_hs,BP03
550589,Undetermined,Undetermined
792825,SampleTag09_hs,BP01
841464,SampleTag09_hs,BP01
695963,SampleTag10_hs,BP02
790437,SampleTag10_hs,BP02
882644,Undetermined,Undetermined
745742,Undetermined,Undetermined
235934,Undetermined,Undetermined
412164,SampleTag10_hs,BP02
504511,SampleTag11_hs,BP03
241984,Undetermined,Undetermined
414035,SampleTag10_hs,BP02
182870,SampleTag10_hs,BP02
505791,SampleTag10_hs,BP02
644653,SampleTag10_hs,BP02
731218,SampleTag11_hs,BP03
743721,SampleTag10_hs,BP02
246883,Undetermined,Undetermined
620349,SampleTag10_hs,BP02
175356,SampleTag09_hs,BP01
336969,SampleTag11_hs,BP03
218010,SampleTag11_hs,BP03
327128,SampleTag09_hs,BP01
208711,SampleTag11_hs,BP03
334347,SampleTag10_hs,BP02
75388,SampleTag10_hs,BP02
515417,Undetermined,Undetermined
213000,SampleTag11_hs,BP03
6505,SampleTag09_hs,BP01
442649,SampleTag11_hs,BP03
247139,SampleTag10_hs,BP02
302711,SampleTag10_hs,BP02
770847,SampleTag10_hs,BP02
483078,SampleTag09_hs,BP01
369684,SampleTag11_hs,BP03
855134,SampleTag10_hs,BP02
35432,SampleTag11_hs,BP03
118922,Undetermined,Undetermined
732309,Undetermined,Undetermined
777175,SampleTag09_hs,BP01
807626,Undetermined,Undetermined
642822,SampleTag10_hs,BP02
114226,Undetermined,Undetermined
622358,SampleTag09_hs,BP01
423176,Undetermined,Undetermined
437093,SampleTag09_hs,BP01
762551,Undetermined,Undetermined
146645,Undetermined,Undetermined
702271,SampleTag10_hs,BP02
648567,Undetermined,Undetermined
824561,Undetermined,Undetermined
834027,SampleTag10_hs,BP02
345431,Undetermined,Undetermined
533781,Undetermined,Undetermined
479328,Undetermined,Undetermined
649672,Undetermined,Undetermined
100263,Undetermined,Undetermined
360060,SampleTag11_hs,BP03
650230,SampleTag09_hs,BP01
131177,SampleTag10_hs,BP02
482041,SampleTag09_hs,BP01
523232,Undetermined,Undetermined
641887,Undetermined,Undetermined
744019,SampleTag09_hs,BP01
568131,SampleTag09_hs,BP01
132504,Undetermined,Undetermined
155278,SampleTag09_hs,BP01
878027,SampleTag10_hs,BP02
872211,Undetermined,Undetermined
321912,SampleTag10_hs,BP02
785513,Undetermined,Undetermined
28233,SampleTag09_hs,BP01
517178,Undetermined,Undetermined
414840,Undetermined,Undetermined
713887,Undetermined,Undetermined
831819,Undetermined,Undetermined
290616,Undetermined,Undetermined
303899,Undetermined,Undetermined
320392,SampleTag10_hs,BP02
81261,Undetermined,Undetermined
419259,SampleTag09_hs,BP01
767920,Undetermined,Undetermined
512159,SampleTag11_hs,BP03
33675,SampleTag10_hs,BP02
218109,Undetermined,Undetermined
493010,Undetermined,Undetermined
668572,SampleTag09_hs,BP01
297238,SampleTag09_hs,BP01
410296,SampleTag11_hs,BP03
184770,Undetermined,Undetermined
234751,Undetermined,Undetermined
323375,Undetermined,Undetermined
587516,Undetermined,Undetermined
591239,SampleTag09_hs,BP01
878493,SampleTag11_hs,BP03
42322,Undetermined,Undetermined
324075,Undetermined,Undetermined
878758,SampleTag11_hs,BP03
810430,Undetermined,Undetermined
615766,SampleTag09_hs,BP01
735476,Undetermined,Undetermined
261793,Undetermined,Undetermined
607409,Undetermined,Undetermined
653820,Undetermined,Undetermined
502546,SampleTag11_hs,BP03
530823,SampleTag11_hs,BP03
605390,Undetermined,Undetermined
270405,Undetermined,Undetermined
415672,SampleTag09_hs,BP01
439353,SampleTag10_hs,BP02
544031,SampleTag10_hs,BP02
858410,Undetermined,Undetermined
861618,Undetermined,Undetermined
28586,SampleTag11_hs,BP03
359045,SampleTag11_hs,BP03
465662,SampleTag10_hs,BP02
475151,Undetermined,Undetermined
832875,Undetermined,Undetermined
38059,Undetermined,Undetermined
804899,SampleTag09_hs,BP01
821917,Undetermined,Undetermined
132183,Undetermined,Undetermined
211773,SampleTag11_hs,BP03
611791,SampleTag09_hs,BP01
225277,Undetermined,Undetermined
332061,SampleTag09_hs,BP01
711467,Undetermined,Undetermined
129459,Undetermined,Undetermined
295791,SampleTag11_hs,BP03
350803,Undetermined,Undetermined
426340,Undetermined,Undetermined
248992,Undetermined,Undetermined
494011,SampleTag11_hs,BP03
113197,Undetermined,Undetermined
295923,Undetermined,Undetermined
599105,Undetermined,Undetermined
69493,SampleTag11_hs,BP03
613094,SampleTag09_hs,BP01
238358,Undetermined,Undetermined
342671,SampleTag10_hs,BP02
820804,Undetermined,Undetermined
48429,Undetermined,Undetermined
160721,Undetermined,Undetermined
167858,Undetermined,Undetermined
439436,Undetermined,Undetermined
105046,Undetermined,Undetermined
700182,Undetermined,Undetermined
741099,Undetermined,Undetermined
764911,Undetermined,Undetermined
862255,SampleTag10_hs,BP02
176964,Undetermined,Undetermined
193312,Undetermined,Undetermined
212019,Undetermined,Undetermined
277128,SampleTag10_hs,BP02
354734,Undetermined,Undetermined
366680,Undetermined,Undetermined
601942,SampleTag11_hs,BP03
344540,Undetermined,Undetermined
501602,Undetermined,Undetermined
620883,Undetermined,Undetermined
417104,Undetermined,Undetermined
841824,SampleTag09_hs,BP01
873189,Undetermined,Undetermined
197565,SampleTag11_hs,BP03
371850,Undetermined,Undetermined
398677,SampleTag11_hs,BP03
465395,Undetermined,Undetermined
224778,Undetermined,Undetermined
288423,Undetermined,Undetermined
325976,Undetermined,Undetermined
420200,SampleTag10_hs,BP02
798656,Undetermined,Undetermined
110139,Undetermined,Undetermined
298978,SampleTag10_hs,BP02
590172,Undetermined,Undetermined
788205,SampleTag09_hs,BP01
792666,Undetermined,Undetermined
8159,SampleTag11_hs,BP03
287486,SampleTag10_hs,BP02
464420,Undetermined,Undetermined
252194,Undetermined,Undetermined
301412,SampleTag11_hs,BP03
502620,Undetermined,Undetermined
627678,Undetermined,Undetermined
17720,Undetermined,Undetermined
240395,Undetermined,Undetermined
214309,Undetermined,Undetermined
296982,Undetermined,Undetermined
300983,Undetermined,Undetermined
445518,Undetermined,Undetermined
827086,SampleTag10_hs,BP02
65165,SampleTag10_hs,BP02
575882,Undetermined,Undetermined
107894,SampleTag11_hs,BP03
151702,Undetermined,Undetermined
568379,SampleTag10_hs,BP02
798959,SampleTag11_hs,BP03
106938,Undetermined,Undetermined
126638,Undetermined,Undetermined
423071,SampleTag09_hs,BP01
484404,Undetermined,Undetermined
647520,Undetermined,Undetermined
667157,Undetermined,Undetermined
718301,SampleTag11_hs,BP03
804261,Undetermined,Undetermined
60123,Undetermined,Undetermined
69037,SampleTag11_hs,BP03
144607,SampleTag09_hs,BP01
379046,SampleTag10_hs,BP02
563631,SampleTag09_hs,BP01
52877,Undetermined,Undetermined
79179,SampleTag11_hs,BP03
355145,Undetermined,Undetermined
394751,Undetermined,Undetermined
658123,Undetermined,Undetermined
35899,SampleTag11_hs,BP03
159742,Undetermined,Undetermined
403047,Undetermined,Undetermined
455450,Undetermined,Undetermined
560667,Undetermined,Undetermined
597765,Undetermined,Undetermined
707772,Undetermined,Undetermined
734750,Undetermined,Undetermined
856628,SampleTag09_hs,BP01
130060,Undetermined,Undetermined
247386,Undetermined,Undetermined
446833,SampleTag09_hs,BP01
841456,Undetermined,Undetermined
864284,Undetermined,Undetermined
120455,Undetermined,Undetermined
219999,SampleTag09_hs,BP01
426475,SampleTag11_hs,BP03
514037,Undetermined,Undetermined
596766,SampleTag11_hs,BP03
700371,Undetermined,Undetermined
786164,Undetermined,Undetermined
56752,Undetermined,Undetermined
151789,SampleTag09_hs,BP01
221995,Undetermined,Undetermined
281231,Undetermined,Undetermined
376811,SampleTag11_hs,BP03
452782,SampleTag10_hs,BP02
609935,Undetermined,Undetermined
38759,Undetermined,Undetermined
88894,Undetermined,Undetermined
288194,Undetermined,Undetermined
538659,SampleTag10_hs,BP02
787994,Undetermined,Undetermined
38626,Undetermined,Undetermined
259592,SampleTag10_hs,BP02
366248,SampleTag09_hs,BP01
575554,Undetermined,Undetermined
785251,SampleTag09_hs,BP01
200148,Undetermined,Undetermined
353582,Undetermined,Undetermined
484907,Undetermined,Undetermined
491858,Undetermined,Undetermined
696037,Undetermined,Undetermined
756584,Undetermined,Undetermined
494193,Undetermined,Undetermined
512152,Undetermined,Undetermined
98990,SampleTag10_hs,BP02
151173,Undetermined,Undetermined
200509,Undetermined,Undetermined
263849,Undetermined,Undetermined
378808,Undetermined,Undetermined
410622,SampleTag11_hs,BP03
441204,Undetermined,Undetermined
585628,Undetermined,Undetermined
637825,Undetermined,Undetermined
761072,Undetermined,Undetermined
162468,SampleTag10_hs,BP02
584550,SampleTag11_hs,BP03
624600,SampleTag11_hs,BP03
745000,SampleTag11_hs,BP03
752396,SampleTag09_hs,BP01
14836,Undetermined,Undetermined
170356,Undetermined,Undetermined
308557,SampleTag11_hs,BP03
588545,Undetermined,Undetermined
655598,Undetermined,Undetermined
768293,Undetermined,Undetermined
25536,Undetermined,Undetermined
76794,SampleTag10_hs,BP02
204425,Undetermined,Undetermined
238217,Undetermined,Undetermined
301768,Undetermined,Undetermined
318002,SampleTag09_hs,BP01
473950,SampleTag10_hs,BP02
649493,SampleTag10_hs,BP02
699464,Undetermined,Undetermined
725119,Undetermined,Undetermined
727062,SampleTag11_hs,BP03
733348,SampleTag11_hs,BP03
196398,Undetermined,Undetermined
361233,Undetermined,Undetermined
450372,SampleTag09_hs,BP01
458194,Undetermined,Undetermined
461638,Undetermined,Undetermined
559114,SampleTag09_hs,BP01
661544,Undetermined,Undetermined
666062,SampleTag09_hs,BP01
775047,Undetermined,Undetermined
104560,Undetermined,Undetermined
116624,Undetermined,Undetermined
289673,Undetermined,Undetermined
327591,Undetermined,Undetermined
460998,Undetermined,Undetermined
561831,Undetermined,Undetermined
687221,Undetermined,Undetermined
712704,Undetermined,Undetermined
131534,Undetermined,Undetermined
247463,Undetermined,Undetermined
271230,Undetermined,Undetermined
627986,SampleTag10_hs,BP02
111279,Undetermined,Undetermined
479359,Undetermined,Undetermined
557704,SampleTag11_hs,BP03
586513,Undetermined,Undetermined
770303,SampleTag10_hs,BP02
844241,Undetermined,Undetermined
59296,Undetermined,Undetermined
140943,Undetermined,Undetermined
161012,SampleTag11_hs,BP03
367445,SampleTag11_hs,BP03
718368,Undetermined,Undetermined
760247,Undetermined,Undetermined
855394,Undetermined,Undetermined
225191,SampleTag11_hs,BP03
656939,Undetermined,Undetermined
828913,Undetermined,Undetermined
210841,Undetermined,Undetermined
214948,Undetermined,Undetermined
246448,Undetermined,Undetermined
384860,Undetermined,Undetermined
434743,Undetermined,Undetermined
538267,Undetermined,Undetermined
544641,SampleTag09_hs,BP01
575689,Undetermined,Undetermined
640175,Undetermined,Undetermined
759507,Undetermined,Undetermined
145324,SampleTag09_hs,BP01
274361,Undetermined,Undetermined
306837,Undetermined,Undetermined
331970,Undetermined,Undetermined
409437,Undetermined,Undetermined
456157,Undetermined,Undetermined
474081,Undetermined,Undetermined
524477,SampleTag11_hs,BP03
668770,SampleTag11_hs,BP03
860466,Undetermined,Undetermined
63143,Undetermined,Undetermined
74957,Undetermined,Undetermined
226068,SampleTag11_hs,BP03
357735,Undetermined,Undetermined
392022,Undetermined,Undetermined
592275,Undetermined,Undetermined
756069,Undetermined,Undetermined
798280,Undetermined,Undetermined
204621,Undetermined,Undetermined
226773,Undetermined,Undetermined
553968,Undetermined,Undetermined
595581,Undetermined,Undetermined
660348,Undetermined,Undetermined
774994,Undetermined,Undetermined
100115,SampleTag11_hs,BP03
178490,Undetermined,Undetermined
183351,Undetermined,Undetermined
191886,SampleTag11_hs,BP03
210013,Undetermined,Undetermined
312279,SampleTag11_hs,BP03
317949,SampleTag11_hs,BP03
348820,Undetermined,Undetermined
408157,Undetermined,Undetermined
628181,Undetermined,Undetermined
692802,Undetermined,Undetermined
830047,Undetermined,Undetermined
508265,Undetermined,Undetermined
619588,Undetermined,Undetermined
626733,Undetermined,Undetermined
700942,Undetermined,Undetermined
249593,Undetermined,Undetermined
306240,Undetermined,Undetermined
322429,Undetermined,Undetermined
418670,Undetermined,Undetermined
427389,SampleTag10_hs,BP02
471170,SampleTag09_hs,BP01
551455,Undetermined,Undetermined
621710,Undetermined,Undetermined
672523,Undetermined,Undetermined
836,SampleTag11_hs,BP03
35113,Undetermined,Undetermined
424095,SampleTag10_hs,BP02
474914,Undetermined,Undetermined
861132,Undetermined,Undetermined
879125,Undetermined,Undetermined
218102,Undetermined,Undetermined
298655,SampleTag09_hs,BP01
574138,SampleTag10_hs,BP02
605139,Undetermined,Undetermined
615203,Undetermined,Undetermined
2215,SampleTag11_hs,BP03
32300,SampleTag09_hs,BP01
150011,Undetermined,Undetermined
241800,Undetermined,Undetermined
254241,Undetermined,Undetermined
279494,SampleTag11_hs,BP03
330635,Undetermined,Undetermined
403359,Undetermined,Undetermined
577426,Undetermined,Undetermined
736206,Undetermined,Undetermined
196134,Undetermined,Undetermined
416104,SampleTag09_hs,BP01
422203,Undetermined,Undetermined
427795,Undetermined,Undetermined
548885,SampleTag10_hs,BP02
587491,Undetermined,Undetermined
597967,SampleTag09_hs,BP01
621182,Undetermined,Undetermined
858094,Undetermined,Undetermined
50899,Undetermined,Undetermined
191038,Undetermined,Undetermined
192382,SampleTag11_hs,BP03
228152,Undetermined,Undetermined
312403,Undetermined,Undetermined
565805,Undetermined,Undetermined
881337,SampleTag09_hs,BP01
87144,Undetermined,Undetermined
426462,Undetermined,Undetermined
538261,Undetermined,Undetermined
583055,SampleTag11_hs,BP03
616460,Undetermined,Undetermined
255741,Undetermined,Undetermined
347137,Undetermined,Undetermined
356663,Undetermined,Undetermined
380368,Undetermined,Undetermined
396105,Undetermined,Undetermined
407215,Undetermined,Undetermined
410897,SampleTag10_hs,BP02
477410,Undetermined,Undetermined
506150,SampleTag10_hs,BP02
515379,Undetermined,Undetermined
523731,SampleTag11_hs,BP03
622045,SampleTag10_hs,BP02
765547,Undetermined,Undetermined
780235,Undetermined,Undetermined
153274,Undetermined,Undetermined
196851,Undetermined,Undetermined
208697,Undetermined,Undetermined
324307,Undetermined,Undetermined
382493,Undetermined,Undetermined
405452,Undetermined,Undetermined
437547,Undetermined,Undetermined
507094,Undetermined,Undetermined
606291,Undetermined,Undetermined
656762,Undetermined,Undetermined
672984,Undetermined,Undetermined
713078,Undetermined,Undetermined
8670,SampleTag09_hs,BP01
20117,Undetermined,Undetermined
25867,Undetermined,Undetermined
78631,SampleTag11_hs,BP03
99738,Undetermined,Undetermined
212411,Undetermined,Undetermined
351375,Undetermined,Undetermined
437668,Undetermined,Undetermined
466353,Undetermined,Undetermined
493561,Undetermined,Undetermined
51357,Undetermined,Undetermined
143150,Undetermined,Undetermined
169838,Undetermined,Undetermined
206432,Undetermined,Undetermined
232244,Undetermined,Undetermined
233745,SampleTag11_hs,BP03
257210,Undetermined,Undetermined
393212,Undetermined,Undetermined
467731,Undetermined,Undetermined
600373,Undetermined,Undetermined
795682,SampleTag09_hs,BP01
299621,Undetermined,Undetermined
369279,Undetermined,Undetermined
565218,Undetermined,Undetermined
738592,Undetermined,Undetermined
240373,Undetermined,Undetermined
263460,SampleTag11_hs,BP03
304601,Undetermined,Undetermined
599383,Undetermined,Undetermined
633780,Undetermined,Undetermined
204759,Undetermined,Undetermined
414628,Undetermined,Undetermined
625447,Undetermined,Undetermined
315268,Undetermined,Undetermined
567478,SampleTag11_hs,BP03
732400,Undetermined,Undetermined
863903,Undetermined,Undetermined
122129,Undetermined,Undetermined
452521,Undetermined,Undetermined
464867,Undetermined,Undetermined
581569,Undetermined,Undetermined
613016,Undetermined,Undetermined
561344,Undetermined,Undetermined
838379,Undetermined,Undetermined
839023,Undetermined,Undetermined
110823,Undetermined,Undetermined
461471,Undetermined,Undetermined
484389,Undetermined,Undetermined
736212,Undetermined,Undetermined
859634,Undetermined,Undetermined
